hgvs,proteinChange
NP_000050.2:p.(Leu61Pro),L61P
NP_000050.2:p.(Asn111Ser),N111S
NP_000050.2:p.(Asp156Glu),D156E
NP_000050.2:p.(Gly271Glu),G271E
NP_000050.2:p.(Ile283Phe),I283F
NP_000050.2:p.(Val290Leu),V290L
NP_000050.2:p.(Thr298Ile),T298I
NP_000050.2:p.(Thr302Ile),T302I
NP_000050.2:p.(Val358Met),V358M
NP_000050.2:p.(Ala406Thr),A406T
NP_000050.2:p.(Ala487Ser),A487S
NP_000050.2:p.(Asp559Asn),D559N
NP_000050.2:p.(Asp750Gly),D750G
NP_000050.2:p.(Gly800Asp),G800D
NP_000050.2:p.(Asn801Lys),N801K
NP_000050.2:p.(Val821Ile),V821I
NP_000050.2:p.(Val821Leu),V821L
NP_000050.2:p.(Asn918Asp),N918D
NP_000050.2:p.(Val959Ile),V959I
NP_000050.2:p.(Ser976Thr),S976T
NP_000050.2:p.(Ser976Phe),S976F
NP_000050.2:p.(Thr1231Ser),T1231S
NP_000050.2:p.(Thr1282Ile),T1282I
NP_000050.2:p.(Tyr1324Cys),Y1324C
NP_000050.2:p.(Tyr1480His),Y1480H
NP_000050.2:p.(Gly1696Val),G1696V
NP_000050.2:p.(Ser1722Asn),S1722N
NP_000050.2:p.(Asn1742Ser),N1742S
NP_000050.2:p.(Phe1870Cys),F1870C
NP_000050.2:p.(Asp1899Asn),D1899N
NP_000050.2:p.(His1916Gln),H1916Q
NP_000050.2:p.(Ile1962Met),I1962M
NP_000050.2:p.(Lys2064Arg),K2064R
NP_000050.2:p.(Ser2091Arg),S2091R
NP_000050.2:p.(Ile2105Met),I2105M
NP_000050.2:p.(Asn2221Tyr),N2221Y
NP_000050.2:p.(Leu2253Val),L2253V
NP_000050.2:p.(Asn2374Ser),N2374S
NP_000050.2:p.(Pro2532Leu),P2532L
NP_000050.2:p.(Trp2626Arg),W2626R
NP_000050.2:p.(Asp2723Asn),D2723N
NP_000050.2:p.(Ala2852Thr),A2852T
NP_000050.2:p.(Thr2880Ile),T2880I
NP_000050.2:p.(Thr3013Ala),T3013A
NP_000050.2:p.(Asp3095Gly),D3095G
NP_000050.2:p.(Asn3174Ser),N3174S
NP_000050.2:p.(Leu3215Phe),L3215F
NP_000050.2:p.(Asn3337Asp),N3337D
NP_000050.2:p.(Gln3361Pro),Q3361P
NP_000050.2:p.(Phe3362Leu),F3362L
NP_009225.1:p.(Glu1794Asp),E1815D
NP_009225.1:p.(Gly1770Val),G1791V
NP_009225.1:p.(Thr1675Ala),T1696A
NP_009225.1:p.(Glu1451Gly),E1451G
NP_009225.1:p.(Thr1312Ser),T1312S
NP_009225.1:p.(Leu1276Val),L1276V
NP_009225.1:p.(Gly792Arg),G792R
NP_009225.1:p.(Glu755Gly),E755G
NP_009225.1:p.(Glu736Gly),E736G
NP_009225.1:p.(Leu726Pro),L726P
NP_009225.1:p.(Pro508Ala),P508A
NP_009225.1:p.(Arg496Leu),R496L
NP_009225.1:p.(Leu481Val),L481V
NP_009225.1:p.(Leu413Val),L413V
NP_009225.1:p.(Arg296Gly),R296G
NP_009225.1:p.(Ile171Val),I171V
